[{"id":1,"username":"default","userButtons":[{"id":1,"napsProfile":"Flachbett A4","title":"Flachbett PDF","imgPath":"","scanPath":"/Users/michaelbucher","scanFormat":"pdf"},{"id":2,"napsProfile":"Einzug A4","title":"Einzug PDF","imgPath":"","scanPath":"/Users/michaelbucher","scanFormat":"pdf"},{"id":3,"napsProfile":"Flachbett A4","title":"Flachbett JPG","imgPath":"","scanPath":"/Users/michaelbucher","scanFormat":"jpg"},{"id":4,"napsProfile":"Flachbett A4","title":"Flachbett PNG","imgPath":"","scanPath":"/Users/michaelbucher","scanFormat":"png"}]}]