[{"id":1,"username":"Michael","userButtons":[{"id":1,"napsProfile":"Dummy Profil 1","title":"Scan Flachbrett","imgPath":"","scanPath":"D:\\","scanFormat":"pdf"},{"id":2,"napsProfile":"Dummy Profil 2","title":"Scan (Icon)","imgPath":"save.png","scanPath":"C:\\","scanFormat":"exif"},{"id":3,"napsProfile":"Dummy Profil 1","title":"Dummy 3","imgPath":"","scanPath":"C:\\Users\\Michael\\Desktop","scanFormat":"tif"},{"id":4,"napsProfile":"Dummy Profil 1","title":"Neu","imgPath":"save.png","scanPath":"C:\\Users\\Michael\\Desktop","scanFormat":"pdf"}]},{"id":2,"username":"Dummy 1","userButtons":[{"id":2,"napsProfile":"Dummy Profil 2","title":"Scan Test","imgPath":"","scanPath":"C:\\Users\\Michael\\Desktop","scanFormat":"jpg"},{"id":3,"napsProfile":"Dummy Profil 1","title":"Neu","imgPath":"zahnrad.png","scanPath":"C:\\Users\\Michael\\Desktop","scanFormat":"jpg"}]},{"id":3,"username":"Julian","userButtons":[{"id":1,"napsProfile":"Dummy Profil 1","title":"Scan","imgPath":"","scanPath":"E:\\","scanFormat":"pdf"},{"id":2,"napsProfile":"Dummy Profil 2","title":"Scan Einzug","imgPath":"zahnrad.png","scanPath":"E:\\","scanFormat":""},{"id":3,"napsProfile":"Dummy Profil 1","title":"Dummy","imgPath":"","scanPath":"C:\\","scanFormat":"pdf"}]}]